prototype,matrix,P,T_cyclic_acc_ms,T_cyclic_cusparse_ms,T_prototype_acc_ms,T_prototype_cusparse_ms
rcm,ASIC_680k.mtx,1,0.076942,0.077355,0.094538,0.087715
rcm,ASIC_680k.mtx,2,0.423438,0.4309,0.467862,0.462218
rcm,ASIC_680k.mtx,3,0.379527,0.380785,0.492395,0.477156
rcm,ASIC_680k.mtx,4,0.448834,0.413844,4.232009,0.724648
rcm,amazon0302.mtx,1,0.04412,0.05914,0.035867,0.049765
rcm,amazon0302.mtx,2,0.201207,0.226916,0.125439,0.136149
rcm,amazon0302.mtx,3,0.191433,0.199456,0.147736,0.146879
rcm,amazon0302.mtx,4,0.228814,0.237313,0.158447,0.164909
rcm,cage13.mtx,1,0.117154,0.117838,0.117811,0.118436
rcm,cage13.mtx,2,0.349454,0.349887,0.18433,0.186297
rcm,cage13.mtx,3,0.349965,0.350685,0.178809,0.17703
rcm,cage13.mtx,4,0.490988,0.426067,0.219979,0.224087
rcm,cit-Patents.mtx,1,4.679731,0.764041,0.462289,0.514734
rcm,cit-Patents.mtx,2,3.112074,0.941107,0.738586,0.77651
rcm,cit-Patents.mtx,3,2.732673,1.315816,1.606271,1.631855
rcm,cit-Patents.mtx,4,5.2833865,3.8748355,1.819946,2.046874
rcm,crankseg_2.mtx,1,0.196701,0.1638,0.20066,0.16303
rcm,crankseg_2.mtx,2,0.195916,0.175925,0.154322,0.134904
rcm,crankseg_2.mtx,3,0.176811,0.163834,0.142924,0.131479
rcm,crankseg_2.mtx,4,0.174985,0.166043,0.127279,0.120338
rcm,parabolic_fem.mtx,1,0.080267,0.079868,0.079834,0.075017
rcm,parabolic_fem.mtx,2,0.369046,0.372383,0.082743,0.085355
rcm,parabolic_fem.mtx,3,0.373068,0.380372,0.064406,0.078229
rcm,parabolic_fem.mtx,4,0.54224,0.587199,0.075613,0.073272
rcm,poisson3Da.mtx,1,0.026762,0.025732,0.017707,0.023792
rcm,poisson3Da.mtx,2,0.091595,0.075775,0.055667,0.057163
rcm,poisson3Da.mtx,3,0.089637,0.084102,0.057843,0.087742
rcm,poisson3Da.mtx,4,0.084111,0.079012,0.089938,0.065032
rcm,roadNet-CA.mtx,1,0.151048,0.143732,0.149679,0.144743
rcm,roadNet-CA.mtx,2,1.089581,1.092749,0.136948,0.128696
rcm,roadNet-CA.mtx,3,0.964256,0.971832,0.118979,0.138269
rcm,roadNet-CA.mtx,4,1.226173,1.051721,0.171731,0.122388
rcm,thermal2.mtx,1,0.185556,0.163511,0.171877,0.150226
rcm,thermal2.mtx,2,0.837613,0.834512,0.138205,0.119382
rcm,thermal2.mtx,3,0.764029,0.753342,0.111096,0.100224
rcm,thermal2.mtx,4,1.439,1.339,0.096708,0.092598
rcm,webbase-1M.mtx,1,0.070442,0.07588,0.073405,0.077286
rcm,webbase-1M.mtx,2,0.135506,0.141456,0.106618,0.107293
rcm,webbase-1M.mtx,3,0.138457,0.151337,0.109975,0.123496
rcm,webbase-1M.mtx,4,0.445585,0.174297,0.764182,0.13929
fennel,ASIC_680k.mtx,1,0.076942,0.077355,2.822331,0.089268
fennel,ASIC_680k.mtx,2,0.423438,0.4309,1.026438,0.614592
fennel,ASIC_680k.mtx,3,0.379527,0.380785,0.578085,0.409851
fennel,ASIC_680k.mtx,4,0.448834,0.413844,0.508429,0.441501
fennel,amazon0302.mtx,1,0.04412,0.05914,0.054001,0.077938
fennel,amazon0302.mtx,2,0.201207,0.226916,0.122985,0.137532
fennel,amazon0302.mtx,3,0.191433,0.199456,0.110957,0.125605
fennel,amazon0302.mtx,4,0.228814,0.237313,0.113426,0.123385
fennel,cage13.mtx,1,0.117154,0.117838,0.143855,0.157478
fennel,cage13.mtx,2,0.349454,0.349887,0.251599,0.269529
fennel,cage13.mtx,3,0.349965,0.350685,0.209228,0.218553
fennel,cage13.mtx,4,0.490988,0.426067,0.223647,0.233087
fennel,cit-Patents.mtx,1,4.679731,0.764041,0.81282,0.937256
fennel,cit-Patents.mtx,2,3.112074,0.941107,0.909933,1.025102
fennel,cit-Patents.mtx,3,2.732673,1.315816,1.010938,1.102026
fennel,cit-Patents.mtx,4,5.2833865,3.8748355,2.200965,4.507994
fennel,crankseg_2.mtx,1,0.196701,0.1638,0.247468,0.197292
fennel,crankseg_2.mtx,2,0.195916,0.175925,0.20653,0.180056
fennel,crankseg_2.mtx,3,0.176811,0.163834,0.166991,0.143302
fennel,crankseg_2.mtx,4,0.174985,0.166043,0.156984,0.13782
fennel,parabolic_fem.mtx,1,0.080267,0.079868,0.080547,0.079772
fennel,parabolic_fem.mtx,2,0.369046,0.372383,0.264929,0.266618
fennel,parabolic_fem.mtx,3,0.373068,0.380372,0.215889,0.22564
fennel,parabolic_fem.mtx,4,0.54224,0.587199,0.236343,0.246559
fennel,poisson3Da.mtx,1,0.026762,0.025732,0.028055,0.026189
fennel,poisson3Da.mtx,2,0.091595,0.075775,0.069224,0.064698
fennel,poisson3Da.mtx,3,0.089637,0.084102,0.066355,0.061613
fennel,poisson3Da.mtx,4,0.084111,0.079012,0.068601,0.0632
fennel,roadNet-CA.mtx,1,0.151048,0.143732,0.168563,0.180524
fennel,roadNet-CA.mtx,2,1.089581,1.092749,0.50612,0.517821
fennel,roadNet-CA.mtx,3,0.964256,0.971832,0.36351,0.388127
fennel,roadNet-CA.mtx,4,1.226173,1.051721,0.434383,0.448254
fennel,thermal2.mtx,1,0.185556,0.163511,0.232826,0.249506
fennel,thermal2.mtx,2,0.837613,0.834512,0.553372,0.565908
fennel,thermal2.mtx,3,0.764029,0.753342,0.432022,0.440696
fennel,thermal2.mtx,4,1.439,1.339,0.513211,0.617863
fennel,webbase-1M.mtx,1,0.070442,0.07588,0.076129,0.08405
fennel,webbase-1M.mtx,2,0.135506,0.141456,0.745774,0.112529
fennel,webbase-1M.mtx,3,0.138457,0.151337,0.837492,0.110992
fennel,webbase-1M.mtx,4,0.445585,0.174297,0.718532,0.116801
block,ASIC_680k.mtx,1,0.076942,0.077355,0.077291,0.078107
block,ASIC_680k.mtx,2,0.423438,0.4309,0.401686,0.398234
block,ASIC_680k.mtx,3,0.379527,0.380785,0.321971,0.316643
block,ASIC_680k.mtx,4,0.448834,0.413844,0.382659,0.377537
block,amazon0302.mtx,1,0.04412,0.05914,0.044104,0.059325
block,amazon0302.mtx,2,0.201207,0.226916,0.127759,0.141905
block,amazon0302.mtx,3,0.191433,0.199456,0.13411,0.13036
block,amazon0302.mtx,4,0.228814,0.237313,0.158682,0.166618
block,cage13.mtx,1,0.117154,0.117838,0.11774,0.11866
block,cage13.mtx,2,0.349454,0.349887,0.19708,0.196327
block,cage13.mtx,3,0.349965,0.350685,0.246015,0.243895
block,cage13.mtx,4,0.490988,0.426067,0.234561,0.240714
block,cit-Patents.mtx,1,4.679731,0.764041,5.080033,0.764095
block,cit-Patents.mtx,2,3.112074,0.941107,5.151418,1.175612
block,cit-Patents.mtx,3,2.732673,1.315816,2.075445,1.549656
block,cit-Patents.mtx,4,5.2833865,3.8748355,2.545458,1.105838
block,crankseg_2.mtx,1,0.196701,0.1638,0.196578,0.163542
block,crankseg_2.mtx,2,0.195916,0.175925,0.204983,0.184874
block,crankseg_2.mtx,3,0.176811,0.163834,0.172603,0.156479
block,crankseg_2.mtx,4,0.174985,0.166043,0.180221,0.17073
block,parabolic_fem.mtx,1,0.080267,0.079868,0.080447,0.079986
block,parabolic_fem.mtx,2,0.369046,0.372383,0.369903,0.374099
block,parabolic_fem.mtx,3,0.373068,0.380372,0.358291,0.357833
block,parabolic_fem.mtx,4,0.54224,0.587199,0.815909,0.899509
block,poisson3Da.mtx,1,0.026762,0.025732,0.026649,0.025807
block,poisson3Da.mtx,2,0.091595,0.075775,0.079838,0.078235
block,poisson3Da.mtx,3,0.089637,0.084102,0.081352,0.077673
block,poisson3Da.mtx,4,0.084111,0.079012,0.083705,0.079748
block,roadNet-CA.mtx,1,0.151048,0.143732,0.150846,0.143477
block,roadNet-CA.mtx,2,1.089581,1.092749,0.14445,0.137152
block,roadNet-CA.mtx,3,0.964256,0.971832,0.117746,0.117121
block,roadNet-CA.mtx,4,1.226173,1.051721,0.115921,0.116793
block,thermal2.mtx,1,0.185556,0.163511,0.185638,0.163748
block,thermal2.mtx,2,0.837613,0.834512,0.276648,0.259819
block,thermal2.mtx,3,0.764029,0.753342,0.195725,0.193169
block,thermal2.mtx,4,1.439,1.339,0.234336,0.229001
block,webbase-1M.mtx,1,0.070442,0.07588,0.070569,0.075763
block,webbase-1M.mtx,2,0.135506,0.141456,0.110228,0.110548
block,webbase-1M.mtx,3,0.138457,0.151337,0.101474,0.109332
block,webbase-1M.mtx,4,0.445585,0.174297,0.113103,0.115153
