matrix,comm,kernel,P,T_median_ms,T_min_ms,T_max_ms,speedup,efficiency,aggregate_effective_gflops,nnz_min,nnz_max,nnz_avg,imbalance
Queen_4147.mtx,bcast,acc,1,4.844842,4.844842,4.844842,1.0,1.0,136.02065206667214,329499284,329499284,329499284.0,1.0
Queen_4147.mtx,bcast,acc,2,5.653807,5.653807,5.653807,0.8569167642262993,0.4284583821131496,116.55837703692399,164730746,164768538,164749642.0,1.0001146952416442
Queen_4147.mtx,bcast,acc,3,7.720068,7.720068,7.720068,0.6275646794820978,0.2091882264940326,85.36175691716706,109833094,109833096,109833094.66666667,1.0000000121396317
Queen_4147.mtx,bcast,acc,4,11.334361,11.334361,11.334361,0.42744729941105636,0.10686182485276409,58.141660390029934,82363466,82388230,82374821.0,1.0001627803233708
arabic-2005.mtx,bcast,acc,1,15.151823,15.151823,15.151823,1.0,1.0,84.47821202768802,639999458,639999458,639999458.0,1.0
arabic-2005.mtx,bcast,acc,2,25.454558,25.454558,25.454558,0.5952498959125514,0.2976249479562757,50.28564691635973,319972873,320026585,319999729.0,1.000083925071074
arabic-2005.mtx,bcast,acc,3,39.204359,39.204359,39.204359,0.3864831204101565,0.12882770680338548,32.64940299113168,213302455,213373643,213333152.66666666,1.0001897985982358
arabic-2005.mtx,bcast,acc,4,61.525288,61.525288,61.525288,0.24626984273523433,0.061567460683808584,20.80443599061251,159938796,160052514,159999864.5,1.0003290596536725
com-Orkut.mtx,bcast,acc,1,6.617603,6.617603,6.617603,1.0,1.0,70.83234397711679,234370166,234370166,234370166.0,1.0
com-Orkut.mtx,bcast,acc,2,6.141092,6.141092,6.141092,1.0775938546434412,0.5387969273217206,76.32849857973142,117155704,117214462,117185083.0,1.0002507059708274
com-Orkut.mtx,bcast,acc,3,7.114893,7.114893,7.114893,0.9301057654696985,0.31003525515656616,65.8815715148492,77997708,78204513,78123388.66666667,1.0010384128840015
com-Orkut.mtx,bcast,acc,4,9.604226,9.604226,9.604226,0.6890303289406142,0.17225758223515356,48.80563327018751,58479688,58676016,58592541.5,1.0014246608503916
europe_osm.mtx,bcast,acc,1,20.225781,20.225781,20.225781,1.0,1.0,10.690249241796892,108109320,108109320,108109320.0,1.0
europe_osm.mtx,bcast,acc,2,49.136518,49.136518,49.136518,0.4116242221314909,0.20581211106574546,4.400365528546406,54054365,54054955,54054660.0,1.0000054574388222
europe_osm.mtx,bcast,acc,3,83.025146,83.025146,83.025146,0.24361030331702158,0.0812034344390072,2.6042548603287003,36035574,36038009,36036440.0,1.000043539261925
europe_osm.mtx,bcast,acc,4,131.481384,131.481384,131.481384,0.15382999771283212,0.03845749942820803,1.6444810164152215,27025821,27029134,27027330.0,1.0000667472517633
kmer_V1r.mtx,bcast,acc,1,87.678701,87.678701,87.678701,1.0,1.0,10.61628191777157,465410904,465410904,465410904.0,1.0
kmer_V1r.mtx,bcast,acc,2,210.317472,210.317472,210.317472,0.4168873853713875,0.20844369268569374,4.425794011065329,232701207,232709697,232705452.0,1.0000182419447567
kmer_V1r.mtx,bcast,acc,3,362.862399,362.862399,362.862399,0.2416307152287774,0.0805435717429258,2.565219792861481,155135388,155137944,155136968.0,1.0000062912148702
kmer_V1r.mtx,bcast,acc,4,562.050532,562.050532,562.050532,0.15599789700047825,0.03899947425011956,1.656117653136569,116349976,116359721,116352726.0,1.000060118918056
mawi_201512020330.mtx,bcast,acc,1,87.843615,87.843615,87.843615,1.0,1.0,10.929602430409997,480047894,480047894,480047894.0,1.0
mawi_201512020330.mtx,bcast,acc,2,221.244167,221.244167,221.244167,0.39704375573436024,0.19852187786718012,4.339530397653377,135045360,345002534,240023947.0,1.437367139038006
mawi_201512020330.mtx,bcast,acc,3,374.91687,374.91687,374.91687,0.2343015799742487,0.0781005266580829,2.5608231179354504,89058034,300898506,160015964.66666666,1.8804280349576954
mawi_201512020330.mtx,bcast,acc,4,568.458987,568.458987,568.458987,0.15452938032273558,0.038632345080683896,1.6889446907451215,66429326,278573208,120011973.5,2.321211791421795
mycielskian19.mtx,bcast,acc,1,14.707329,14.707329,14.707329,1.0,1.0,122.82239827503689,903194710,903194710,903194710.0,1.0
mycielskian19.mtx,bcast,acc,2,8.151191,8.151191,8.151191,1.8043165716519216,0.9021582858259608,221.61048857768145,451400765,451793945,451597355.0,1.0004353214159105
mycielskian19.mtx,bcast,acc,3,7.514783,7.514783,7.514783,1.957119586819739,0.6523731956065797,240.37812136424964,300802760,301209098,301064903.3333333,1.0004789487750654
mycielskian19.mtx,bcast,acc,4,6.483467,6.483467,6.483467,2.2684358538417793,0.5671089634604448,278.6147319019284,225349942,226331737,225798677.5,1.0023607733486393
nlpkkt240.mtx,bcast,acc,1,18.036937,18.036937,18.036937,1.0,1.0,85.87626069770049,774472352,774472352,774472352.0,1.0
nlpkkt240.mtx,bcast,acc,2,30.6384,30.6384,30.6384,0.588703620293488,0.294351810146744,50.555665570003654,387236176,387236176,387236176.0,1.0
nlpkkt240.mtx,bcast,acc,3,47.731294,47.731294,47.731294,0.37788493645280186,0.12596164548426728,32.45134531655479,258155536,258161280,258157450.66666666,1.00001483332487
nlpkkt240.mtx,bcast,acc,4,73.323112,73.323112,73.323112,0.24599251870269775,0.06149812967567444,21.124917665796836,193615216,193620960,193618088.0,1.00001483332487
uk-2005.mtx,bcast,acc,1,24.210372,24.210372,24.210372,1.0,1.0,77.35232502829778,936364282,936364282,936364282.0,1.0
uk-2005.mtx,bcast,acc,2,42.405553,42.405553,42.405553,0.5709245673556008,0.2854622836778004,44.162342700730726,468143803,468220479,468182141.0,1.000081886933829
uk-2005.mtx,bcast,acc,3,65.160908,65.160908,65.160908,0.3715474928618244,0.12384916428727481,28.740062431296998,312106524,312144953,312121427.3333333,1.0000753734431747
uk-2005.mtx,bcast,acc,4,104.235726,104.235726,104.235726,0.2322655861772383,0.058066396544309576,17.966283114869846,234058176,234111226,234091070.5,1.0000861011056805
webbase-2001.mtx,bcast,acc,1,54.176152,54.176152,54.176152,1.0,1.0,37.651370662131924,1019903190,1019903190,1019903190.0,1.0
webbase-2001.mtx,bcast,acc,2,120.556789,120.556789,120.556789,0.4493828381577084,0.2246914190788542,16.919879808676722,509857044,510046146,509951595.0,1.0001854117154
webbase-2001.mtx,bcast,acc,3,199.484382,199.484382,199.484382,0.2715809200541825,0.09052697335139416,10.225393885722843,339938692,340013258,339967730.0,1.0001339185928029
webbase-2001.mtx,bcast,acc,4,305.15482,305.15482,305.15482,0.17753660912188773,0.044384152280471934,6.684496676146227,254832292,255033794,254975797.5,1.0002274588434221
Queen_4147.mtx,bcast,cusparse,1,4.564402,4.564402,4.564402,1.0,1.0,144.37785453603777,329499284,329499284,329499284.0,1.0
Queen_4147.mtx,bcast,cusparse,2,5.480152,5.480152,5.480152,0.8328969707409576,0.4164484853704788,120.2518776851445,164730746,164768538,164749642.0,1.0001146952416442
Queen_4147.mtx,bcast,cusparse,3,7.612627,7.612627,7.612627,0.5995830348708797,0.19986101162362657,86.56651219086395,109833094,109833096,109833094.66666667,1.0000000121396317
Queen_4147.mtx,bcast,cusparse,4,11.397351,11.397351,11.397351,0.40047919907002955,0.10011979976750739,57.82032754804165,82363466,82388230,82374821.0,1.0001627803233708
arabic-2005.mtx,bcast,cusparse,1,14.648397,14.648397,14.648397,1.0,1.0,87.38150092464042,639999458,639999458,639999458.0,1.0
arabic-2005.mtx,bcast,cusparse,2,25.258438,25.258438,25.258438,0.5799407310935062,0.2899703655467531,50.67609153028386,319972873,320026585,319999729.0,1.000083925071074
arabic-2005.mtx,bcast,cusparse,3,39.662523,39.662523,39.662523,0.36932589991816706,0.12310863330605569,32.27225146519297,213302455,213373643,213333152.66666666,1.0001897985982358
arabic-2005.mtx,bcast,cusparse,4,59.778105,59.778105,59.778105,0.24504619207985934,0.061261548019964834,21.412504059805844,159938796,160052514,159999864.5,1.0003290596536725
com-Orkut.mtx,bcast,cusparse,1,6.56484,6.56484,6.56484,1.0,1.0,71.40163842530815,234370166,234370166,234370166.0,1.0
com-Orkut.mtx,bcast,cusparse,2,6.541925,6.541925,6.541925,1.0035027916095034,0.5017513958047517,71.65174348528912,117155704,117214462,117185083.0,1.0002507059708274
com-Orkut.mtx,bcast,cusparse,3,7.290694,7.290694,7.290694,0.9004410279734687,0.30014700932448957,64.2929647026744,77997708,78204513,78123388.66666667,1.0010384128840015
com-Orkut.mtx,bcast,cusparse,4,9.732888,9.732888,9.732888,0.6745007237317433,0.16862518093293583,48.160456793502604,58479688,58676016,58592541.5,1.0014246608503916
europe_osm.mtx,bcast,cusparse,1,20.088315,20.088315,20.088315,1.0,1.0,10.7634035009905,108109320,108109320,108109320.0,1.0
europe_osm.mtx,bcast,cusparse,2,57.866004,57.866004,57.866004,0.34715227614472915,0.17357613807236458,3.7365400244329985,54054365,54054955,54054660.0,1.0000054574388222
europe_osm.mtx,bcast,cusparse,3,85.47507,85.47507,85.47507,0.23501957939314938,0.07833985979771646,2.529610563641539,36035574,36038009,36036440.0,1.000043539261925
europe_osm.mtx,bcast,cusparse,4,130.956675,130.956675,130.956675,0.15339664816627332,0.03834916204156833,1.6510700199130743,27025821,27029134,27027330.0,1.0000667472517633
kmer_V1r.mtx,bcast,cusparse,1,88.672271,88.672271,88.672271,1.0,1.0,10.497326813700306,465410904,465410904,465410904.0,1.0
kmer_V1r.mtx,bcast,cusparse,2,215.058929,215.058929,215.058929,0.4123161563777712,0.2061580781888856,4.328217444066226,232701207,232709697,232705452.0,1.0000182419447567
kmer_V1r.mtx,bcast,cusparse,3,366.186735,366.186735,366.186735,0.24215041814663218,0.08071680604887739,2.5419320773593834,155135388,155137944,155136968.0,1.0000062912148702
kmer_V1r.mtx,bcast,cusparse,4,559.970952,559.970952,559.970952,0.15835155499280254,0.039587888748200635,1.6622680242170846,116349976,116359721,116352726.0,1.000060118918056
mawi_201512020330.mtx,bcast,cusparse,1,88.924632,88.924632,88.924632,1.0,1.0,10.796736139430973,480047894,480047894,480047894.0,1.0
mawi_201512020330.mtx,bcast,cusparse,2,224.018184,224.018184,224.018184,0.39695274022933785,0.19847637011466893,4.285793996080247,135045360,345002534,240023947.0,1.437367139038006
mawi_201512020330.mtx,bcast,cusparse,3,377.673506,377.673506,377.673506,0.2354537201770251,0.0784845733923417,2.542131689798754,89058034,300898506,160015964.66666666,1.8804280349576954
mawi_201512020330.mtx,bcast,cusparse,4,585.581969,585.581969,585.581969,0.15185684790099815,0.03796421197524954,1.6395583177527793,66429326,278573208,120011973.5,2.321211791421795
mycielskian19.mtx,bcast,cusparse,1,9.565119,9.565119,9.565119,1.0,1.0,188.8517455977286,903194710,903194710,903194710.0,1.0
mycielskian19.mtx,bcast,cusparse,2,5.689723,5.689723,5.689723,1.6811220862597351,0.8405610431298676,317.4828405530463,451400765,451793945,451597355.0,1.0004353214159105
mycielskian19.mtx,bcast,cusparse,3,4.707649,4.707649,4.707649,2.0318250149915595,0.6772750049971865,383.71370083028705,300802760,301209098,301064903.3333333,1.0004789487750654
mycielskian19.mtx,bcast,cusparse,4,4.143233,4.143233,4.143233,2.308612380718149,0.5771530951795373,435.9854780071504,225349942,226331737,225798677.5,1.0023607733486393
nlpkkt240.mtx,bcast,cusparse,1,18.150118,18.150118,18.150118,1.0,1.0,85.34075117307778,774472352,774472352,774472352.0,1.0
nlpkkt240.mtx,bcast,cusparse,2,30.723497,30.723497,30.723497,0.5907569050489272,0.2953784525244636,50.41563803755803,387236176,387236176,387236176.0,1.0
nlpkkt240.mtx,bcast,cusparse,3,47.845797,47.845797,47.845797,0.3793461314898778,0.12644871049662593,32.3736838159473,258155536,258161280,258157450.66666666,1.00001483332487
nlpkkt240.mtx,bcast,cusparse,4,74.721727,74.721727,74.721727,0.24290281727562318,0.060725704318905796,20.729508888358534,193615216,193620960,193618088.0,1.00001483332487
uk-2005.mtx,bcast,cusparse,1,23.902323,23.902323,23.902323,1.0,1.0,78.34922839926479,936364282,936364282,936364282.0,1.0
uk-2005.mtx,bcast,cusparse,2,42.104846,42.104846,42.104846,0.5676857955970198,0.2838428977985099,44.47774405824925,468143803,468220479,468182141.0,1.000081886933829
uk-2005.mtx,bcast,cusparse,3,67.180428,67.180428,67.180428,0.3557929550553027,0.11859765168510089,27.876103498477264,312106524,312144953,312121427.3333333,1.0000753734431747
uk-2005.mtx,bcast,cusparse,4,108.15421,108.15421,108.15421,0.22100224300098903,0.05525056075024726,17.31535521363431,234058176,234111226,234091070.5,1.0000861011056805
webbase-2001.mtx,bcast,cusparse,1,54.278568,54.278568,54.278568,1.0,1.0,37.580327837683555,1019903190,1019903190,1019903190.0,1.0
webbase-2001.mtx,bcast,cusparse,2,121.48022,121.48022,121.48022,0.44680992510550277,0.22340496255275138,16.791263466595634,509857044,510046146,509951595.0,1.0001854117154
webbase-2001.mtx,bcast,cusparse,3,189.698971,189.698971,189.698971,0.28613000752650364,0.09537666917550121,10.752859487044873,339938692,340013258,339967730.0,1.0001339185928029
webbase-2001.mtx,bcast,cusparse,4,293.130788,293.130788,293.130788,0.1851684306869874,0.04629210767174685,6.958690330406372,254832292,255033794,254975797.5,1.0002274588434221
Queen_4147.mtx,checkerboard_mpi,acc,1,17.281671,17.281671,17.281671,1.0,1.0,38.13280370862286,329499284,329499284,329499284.0,1.0
Queen_4147.mtx,checkerboard_mpi,acc,2,12.57381,12.57381,12.57381,1.3744180164961932,0.6872090082480966,52.4104124366441,164730746,164768538,164749642.0,1.0001146952416442
Queen_4147.mtx,checkerboard_mpi,acc,4,12.118862,12.118862,12.118862,1.426014340290367,0.3565035850725918,54.377924923973886,82239511,82491235,82374821.0,1.0014132231012678
arabic-2005.mtx,checkerboard_mpi,acc,1,67.399435,67.399435,67.399435,1.0,1.0,18.991241039335126,639999458,639999458,639999458.0,1.0
arabic-2005.mtx,checkerboard_mpi,acc,2,78.603231,78.603231,78.603231,0.8574639253696836,0.4287319626848418,16.284304089230123,319762615,320236843,319999729.0,1.000740981877519
arabic-2005.mtx,checkerboard_mpi,acc,4,71.214611,71.214611,71.214611,0.9464270611546273,0.23660676528865682,17.973824444537087,159739074,160287511,159999864.5,1.0017977921475052
com-Orkut.mtx,checkerboard_mpi,acc,1,14.139397,14.139397,14.139397,1.0,1.0,33.151366497453886,234370166,234370166,234370166.0,1.0
com-Orkut.mtx,checkerboard_mpi,acc,2,11.224409,11.224409,11.224409,1.2597008002826697,0.6298504001413349,41.76080290730675,117155704,117214462,117185083.0,1.0002507059708274
com-Orkut.mtx,checkerboard_mpi,acc,4,12.164218,12.164218,12.164218,1.1623761593223667,0.2905940398305917,38.53435806559863,58526216,58629488,58592541.5,1.0006305666054782
europe_osm.mtx,checkerboard_mpi,acc,1,132.205061,132.205061,132.205061,1.0,1.0,1.6354792953047386,108109320,108109320,108109320.0,1.0
europe_osm.mtx,checkerboard_mpi,acc,2,164.956432,164.956432,164.956432,0.8014544167638156,0.4007272083819078,1.3107621047477553,54054365,54054955,54054660.0,1.0000054574388222
europe_osm.mtx,checkerboard_mpi,acc,4,152.816082,152.816082,152.816082,0.8651253144940596,0.2162813286235149,1.4148945396990351,5199988,48854377,27027330.0,1.807591685897201
kmer_V1r.mtx,checkerboard_mpi,acc,1,552.753529,552.753529,552.753529,1.0,1.0,1.6839726191960684,465410904,465410904,465410904.0,1.0
kmer_V1r.mtx,checkerboard_mpi,acc,2,695.937628,695.937628,695.937628,0.7942572822057553,0.39712864110287766,1.3375075158315768,232701207,232709697,232705452.0,1.0000182419447567
kmer_V1r.mtx,checkerboard_mpi,acc,4,639.019087,639.019087,639.019087,0.8650031591309885,0.21625078978274712,1.4566416354946845,116339340,116361867,116352726.0,1.000078562834875
mawi_201512020330.mtx,checkerboard_mpi,acc,1,600.616941,600.616941,600.616941,1.0,1.0,1.5985159965709326,480047894,480047894,480047894.0,1.0
mawi_201512020330.mtx,checkerboard_mpi,acc,2,753.241001,753.241001,753.241001,0.7973768557508463,0.39868842787542313,1.2746196592131604,135045360,345002534,240023947.0,1.437367139038006
mawi_201512020330.mtx,checkerboard_mpi,acc,4,684.009595,684.009595,684.009595,0.878082625434516,0.219520656358629,1.4036291230680762,15030520,224987694,120011973.5,1.8747103929592492
mycielskian19.mtx,checkerboard_mpi,acc,1,15.500749,15.500749,15.500749,1.0,1.0,116.53562160125293,903194710,903194710,903194710.0,1.0
mycielskian19.mtx,checkerboard_mpi,acc,2,8.477872,8.477872,8.477872,1.8283773333685625,0.9141886666842812,213.0710890657467,451400765,451793945,451597355.0,1.0004353214159105
mycielskian19.mtx,checkerboard_mpi,acc,4,6.143585,6.143585,6.143585,2.523078788687713,0.6307696971719282,294.02855498865887,225602086,225995266,225798677.5,1.000870636188735
nlpkkt240.mtx,checkerboard_mpi,acc,1,82.006816,82.006816,82.006816,1.0,1.0,18.887999553598082,774472352,774472352,774472352.0,1.0
nlpkkt240.mtx,checkerboard_mpi,acc,2,95.41375,95.41375,95.41375,0.8594863528579477,0.42974317642897386,16.23397784910456,387236176,387236176,387236176.0,1.0
nlpkkt240.mtx,checkerboard_mpi,acc,4,86.245926,86.245926,86.245926,0.9508485768939393,0.23771214422348483,17.9596274959121,125098576,262137600,193618088.0,1.3538900353152956
uk-2005.mtx,checkerboard_mpi,acc,1,113.365048,113.365048,113.365048,1.0,1.0,16.519452838762085,936364282,936364282,936364282.0,1.0
uk-2005.mtx,checkerboard_mpi,acc,2,129.426905,129.426905,129.426905,0.8759001692886035,0.43795008464430174,14.46939153802681,467439330,468924952,468182141.0,1.001586585507968
uk-2005.mtx,checkerboard_mpi,acc,4,122.400443,122.400443,122.400443,0.9261816805679373,0.23154542014198431,15.300014592267448,233697954,234522525,234091070.5,1.0018431053310939
webbase-2001.mtx,checkerboard_mpi,acc,1,318.819683,318.819683,318.819683,1.0,1.0,6.39799387793758,1019903190,1019903190,1019903190.0,1.0
webbase-2001.mtx,checkerboard_mpi,acc,2,374.581398,374.581398,374.581398,0.8511359205296148,0.4255679602648074,5.445562408841242,509499961,510403229,509951595.0,1.0008856409204878
webbase-2001.mtx,checkerboard_mpi,acc,4,359.336985,359.336985,359.336985,0.8872442757318731,0.22181106893296829,5.676583444367687,251694379,258351767,254975797.5,1.0132403527436755
Queen_4147.mtx,checkerboard_nccl,acc,1,3.751232,3.751232,3.751232,1.0,1.0,175.67523629570232,329499284,329499284,329499284.0,1.0
Queen_4147.mtx,checkerboard_nccl,acc,2,2.974311,2.974311,2.974311,1.261210411419653,0.6306052057098265,221.5634370447475,164730746,164768538,164749642.0,1.0001146952416442
Queen_4147.mtx,checkerboard_nccl,acc,4,2.161073,2.161073,2.161073,1.735819197222861,0.43395479930571523,304.94044763874246,82239511,82491235,82374821.0,1.0014132231012678
arabic-2005.mtx,checkerboard_nccl,acc,1,7.774472,7.774472,7.774472,1.0,1.0,164.64126644227414,639999458,639999458,639999458.0,1.0
arabic-2005.mtx,checkerboard_nccl,acc,2,8.275916,8.275916,8.275916,0.9394092448497544,0.4697046224248772,154.66552777964395,319762615,320236843,319999729.0,1.000740981877519
arabic-2005.mtx,checkerboard_nccl,acc,4,7.958604,7.958604,7.958604,0.9768637816380863,0.24421594540952157,160.83209015048365,159739074,160287511,159999864.5,1.0017977921475052
com-Orkut.mtx,checkerboard_nccl,acc,1,5.640331,5.640331,5.640331,1.0,1.0,83.10511067524227,234370166,234370166,234370166.0,1.0
com-Orkut.mtx,checkerboard_nccl,acc,2,4.455311,4.455311,4.455311,1.2659791875359543,0.6329895937679771,105.20934049272878,117155704,117214462,117185083.0,1.0002507059708274
com-Orkut.mtx,checkerboard_nccl,acc,4,2.715983,2.715983,2.715983,2.0767180796050635,0.5191795199012659,172.58588584685543,58526216,58629488,58592541.5,1.0006305666054782
europe_osm.mtx,checkerboard_nccl,acc,1,3.960701,3.960701,3.960701,1.0,1.0,54.59100295629486,108109320,108109320,108109320.0,1.0
europe_osm.mtx,checkerboard_nccl,acc,2,10.371455,10.371455,10.371455,0.38188479822744253,0.19094239911372127,20.847474148998383,54054365,54054955,54054660.0,1.0000054574388222
europe_osm.mtx,checkerboard_nccl,acc,4,13.898811,13.898811,13.898811,0.284966893930711,0.07124172348267775,15.55662854901761,5199988,48854377,27027330.0,1.807591685897201
kmer_V1r.mtx,checkerboard_nccl,acc,1,16.879859,16.879859,16.879859,1.0,1.0,55.143932659627076,465410904,465410904,465410904.0,1.0
kmer_V1r.mtx,checkerboard_nccl,acc,2,43.040728,43.040728,43.040728,0.3921833989425086,0.1960916994712543,21.626534941509355,232701207,232709697,232705452.0,1.0000182419447567
kmer_V1r.mtx,checkerboard_nccl,acc,4,58.417526,58.417526,58.417526,0.2889519662301344,0.0722379915575336,15.933947767661367,116339340,116361867,116352726.0,1.000078562834875
mawi_201512020330.mtx,checkerboard_nccl,acc,1,12.826849,12.826849,12.826849,1.0,1.0,74.85047871071063,480047894,480047894,480047894.0,1.0
mawi_201512020330.mtx,checkerboard_nccl,acc,2,44.129218,44.129218,44.129218,0.2906656764232713,0.14533283821163565,21.756465025054375,135045360,345002534,240023947.0,1.437367139038006
mawi_201512020330.mtx,checkerboard_nccl,acc,4,62.005994,62.005994,62.005994,0.20686466214863033,0.051716165537157584,15.483918990154404,15030520,224987694,120011973.5,1.8747103929592492
mycielskian19.mtx,checkerboard_nccl,acc,1,14.669591,14.669591,14.669591,1.0,1.0,123.1383628895993,903194710,903194710,903194710.0,1.0
mycielskian19.mtx,checkerboard_nccl,acc,2,8.362822,8.362822,8.362822,1.754143637159801,0.8770718185799005,216.00237575306522,451400765,451793945,451597355.0,1.0004353214159105
mycielskian19.mtx,checkerboard_nccl,acc,4,5.316376,5.316376,5.316376,2.7593215754491407,0.6898303938622852,339.77834148675714,225602086,225995266,225798677.5,1.000870636188735
nlpkkt240.mtx,checkerboard_nccl,acc,1,8.960447,8.960447,8.960447,1.0,1.0,172.8646689166288,774472352,774472352,774472352.0,1.0
nlpkkt240.mtx,checkerboard_nccl,acc,2,9.699978,9.699978,9.699978,0.923759517805092,0.461879758902546,159.68538320396192,387236176,387236176,387236176.0,1.0
nlpkkt240.mtx,checkerboard_nccl,acc,4,9.377932,9.377932,9.377932,0.9554821894635194,0.23887054736587984,165.16911233734686,125098576,262137600,193618088.0,1.3538900353152956
uk-2005.mtx,checkerboard_nccl,acc,1,11.472052,11.472052,11.472052,1.0,1.0,163.2426843950847,936364282,936364282,936364282.0,1.0
uk-2005.mtx,checkerboard_nccl,acc,2,12.141473,12.141473,12.141473,0.9448649270150336,0.4724324635075168,154.24228707669982,467439330,468924952,468182141.0,1.001586585507968
uk-2005.mtx,checkerboard_nccl,acc,4,13.021426,13.021426,13.021426,0.8810134926850561,0.22025337317126403,143.81900753419788,233697954,234522525,234091070.5,1.0018431053310939
webbase-2001.mtx,checkerboard_nccl,acc,1,15.365541,15.365541,15.365541,1.0,1.0,132.75200528246938,1019903190,1019903190,1019903190.0,1.0
webbase-2001.mtx,checkerboard_nccl,acc,2,26.843226,26.843226,26.843226,0.5724178234017029,0.28620891170085144,75.98961391600248,509499961,510403229,509951595.0,1.0008856409204878
webbase-2001.mtx,checkerboard_nccl,acc,4,33.50859,33.50859,33.50859,0.4585552838839235,0.11463882097098088,60.874133468462865,251694379,258351767,254975797.5,1.0132403527436755
Queen_4147.mtx,ghost_mpi,acc,1,3.668765,3.668765,3.668765,1.0,1.0,179.62408821497152,329499284,329499284,329499284.0,1.0
Queen_4147.mtx,ghost_mpi,acc,2,4.888812,4.888812,4.888812,0.7504410069358364,0.3752205034679182,134.79728162997475,164730746,164768538,164749642.0,1.0001146952416442
Queen_4147.mtx,ghost_mpi,acc,3,9.428999,9.428999,9.428999,0.3890937945798913,0.12969793152663042,69.89061808151641,109833094,109833096,109833094.66666667,1.0000000121396317
Queen_4147.mtx,ghost_mpi,acc,4,16.355595,16.355595,16.355595,0.2243125364745214,0.05607813411863035,40.29193483942345,82363466,82388230,82374821.0,1.0001627803233708
arabic-2005.mtx,ghost_mpi,acc,1,7.561069,7.561069,7.561069,1.0,1.0,169.28808823196826,639999458,639999458,639999458.0,1.0
arabic-2005.mtx,ghost_mpi,acc,2,23.521674,23.521674,23.521674,0.3214511433157351,0.16072557165786755,54.41784951190124,319972873,320026585,319999729.0,1.000083925071074
arabic-2005.mtx,ghost_mpi,acc,3,38.855458,38.855458,38.855458,0.19459477224538185,0.06486492408179395,32.94257697335597,213302455,213373643,213333152.66666666,1.0001897985982358
arabic-2005.mtx,ghost_mpi,acc,4,51.541887,51.541887,51.541887,0.1466975588224001,0.036674389705600025,24.834149281340824,159938796,160052514,159999864.5,1.0003290596536725
com-Orkut.mtx,ghost_mpi,acc,1,5.946196,5.946196,5.946196,1.0,1.0,78.8302861190583,234370166,234370166,234370166.0,1.0
com-Orkut.mtx,ghost_mpi,acc,2,5.217166,5.217166,5.217166,1.1397367843001354,0.5698683921500677,89.84577680679512,117155704,117214462,117185083.0,1.0002507059708274
com-Orkut.mtx,ghost_mpi,acc,3,7.667485,7.667485,7.667485,0.775508005558537,0.25850266851951237,61.13351796579973,77997708,78204513,78123388.66666667,1.0010384128840015
com-Orkut.mtx,ghost_mpi,acc,4,11.36073,11.36073,11.36073,0.5233991125570275,0.13084977813925688,41.25970179733169,58479688,58676016,58592541.5,1.0014246608503916
europe_osm.mtx,ghost_mpi,acc,1,3.542376,3.542376,3.542376,1.0,1.0,61.037744158158254,108109320,108109320,108109320.0,1.0
europe_osm.mtx,ghost_mpi,acc,2,56.772759,56.772759,56.772759,0.06239569931769565,0.031197849658847827,3.808492731522877,54054365,54054955,54054660.0,1.0000054574388222
europe_osm.mtx,ghost_mpi,acc,3,115.106282,115.106282,115.106282,0.03077482773703003,0.010258275912343342,1.8784260619242312,36035574,36038009,36036440.0,1.000043539261925
europe_osm.mtx,ghost_mpi,acc,4,115.429214,115.429214,115.429214,0.03068873015110369,0.007672182537775922,1.8731708595018242,27025821,27029134,27027330.0,1.0000667472517633
kmer_V1r.mtx,ghost_mpi,acc,1,14.694436,14.694436,14.694436,1.0,1.0,63.345187797612645,465410904,465410904,465410904.0,1.0
kmer_V1r.mtx,ghost_mpi,acc,2,189.190618,189.190618,189.190618,0.07767000369965492,0.03883500184982746,4.92002097059591,232701207,232709697,232705452.0,1.0000182419447567
kmer_V1r.mtx,ghost_mpi,acc,3,322.960849,322.960849,322.960849,0.04549912487999436,0.015166374959998119,2.8821506101502723,155135388,155137944,155136968.0,1.0000062912148702
kmer_V1r.mtx,ghost_mpi,acc,4,386.317766,386.317766,386.317766,0.03803717378092314,0.009509293445230785,2.409471916443004,116349976,116359721,116352726.0,1.000060118918056
mawi_201512020330.mtx,ghost_mpi,acc,1,10.529954,10.529954,10.529954,1.0,1.0,91.17758615089866,480047894,480047894,480047894.0,1.0
mawi_201512020330.mtx,ghost_mpi,acc,2,39.363564,39.363564,39.363564,0.26750509684539747,0.13375254842269874,24.390469013425715,135045360,345002534,240023947.0,1.437367139038006
mawi_201512020330.mtx,ghost_mpi,acc,3,53.93655,53.93655,53.93655,0.1952285416846276,0.06507618056154253,17.800467178564443,89058034,300898506,160015964.66666666,1.8804280349576954
mawi_201512020330.mtx,ghost_mpi,acc,4,59.135172,59.135172,59.135172,0.17806583871946802,0.044516459679867004,16.235613350376322,66429326,278573208,120011973.5,2.321211791421795
mycielskian19.mtx,ghost_mpi,acc,1,14.802711,14.802711,14.802711,1.0,1.0,122.03098608086046,903194710,903194710,903194710.0,1.0
mycielskian19.mtx,ghost_mpi,acc,2,7.923125,7.923125,7.923125,1.8682919933738267,0.9341459966869133,227.9895142383845,451400765,451793945,451597355.0,1.0004353214159105
mycielskian19.mtx,ghost_mpi,acc,3,7.78356,7.78356,7.78356,1.9017918535991245,0.6339306178663748,232.07753521524856,300802760,301209098,301064903.3333333,1.0004789487750654
mycielskian19.mtx,ghost_mpi,acc,4,6.408193,6.408193,6.408193,2.3099664757288054,0.5774916189322014,281.88748684691615,225349942,226331737,225798677.5,1.0023607733486393
nlpkkt240.mtx,ghost_mpi,acc,1,8.663329,8.663329,8.663329,1.0,1.0,178.7932449523734,774472352,774472352,774472352.0,1.0
nlpkkt240.mtx,ghost_mpi,acc,2,34.653953,34.653953,34.653953,0.24999540456466823,0.12499770228233412,44.697489605298415,387236176,387236176,387236176.0,1.0
nlpkkt240.mtx,ghost_mpi,acc,3,71.867883,71.867883,71.867883,0.1205452093252837,0.040181736441761234,21.552669138730575,258155536,258161280,258157450.66666666,1.00001483332487
nlpkkt240.mtx,ghost_mpi,acc,4,90.170472,90.170472,90.170472,0.09607722803092346,0.024019307007730865,17.177959365677935,193615216,193620960,193618088.0,1.00001483332487
uk-2005.mtx,ghost_mpi,acc,1,11.070096,11.070096,11.070096,1.0,1.0,169.1700382724775,936364282,936364282,936364282.0,1.0
uk-2005.mtx,ghost_mpi,acc,2,39.103972,39.103972,39.103972,0.28309390156069053,0.14154695078034527,47.891006161727,468143803,468220479,468182141.0,1.000081886933829
uk-2005.mtx,ghost_mpi,acc,3,70.125305,70.125305,70.125305,0.15786164495113425,0.05262054831704475,26.70546051813964,312106524,312144953,312121427.3333333,1.0000753734431747
uk-2005.mtx,ghost_mpi,acc,4,90.338408,90.338408,90.338408,0.12254030423028929,0.030635076057572323,20.730147956559076,234058176,234111226,234091070.5,1.0000861011056805
webbase-2001.mtx,ghost_mpi,acc,1,14.186811,14.186811,14.186811,1.0,1.0,143.78188163640158,1019903190,1019903190,1019903190.0,1.0
webbase-2001.mtx,ghost_mpi,acc,2,99.667271,99.667271,99.667271,0.14234172218882166,0.07117086109441083,20.46616065167471,509857044,510046146,509951595.0,1.0001854117154
webbase-2001.mtx,ghost_mpi,acc,3,173.219509,173.219509,173.219509,0.08190076904097449,0.027300256346991496,11.775846680179656,339938692,340013258,339967730.0,1.0001339185928029
webbase-2001.mtx,ghost_mpi,acc,4,234.605381,234.605381,234.605381,0.06047095313640739,0.015117738284101848,8.694627426299315,254832292,255033794,254975797.5,1.0002274588434221
Queen_4147.mtx,ghost_mpi,cusparse,1,3.569057,3.569057,3.569057,1.0,1.0,184.64220885236634,329499284,329499284,329499284.0,1.0
Queen_4147.mtx,ghost_mpi,cusparse,2,4.374711,4.374711,4.374711,0.8158383490932316,0.4079191745466158,150.6381948430422,164730746,164768538,164749642.0,1.0001146952416442
Queen_4147.mtx,ghost_mpi,cusparse,3,10.328751,10.328751,10.328751,0.34554584576586267,0.1151819485886209,63.80234822196798,109833094,109833096,109833094.66666667,1.0000000121396317
Queen_4147.mtx,ghost_mpi,cusparse,4,15.535612,15.535612,15.535612,0.22973391714468666,0.057433479286171665,42.41857790990146,82363466,82388230,82374821.0,1.0001627803233708
arabic-2005.mtx,ghost_mpi,cusparse,1,7.141199,7.141199,7.141199,1.0,1.0,179.24145735190967,639999458,639999458,639999458.0,1.0
arabic-2005.mtx,ghost_mpi,cusparse,2,23.394815,23.394815,23.394815,0.30524708145800683,0.15262354072900342,54.71293173295022,319972873,320026585,319999729.0,1.000083925071074
arabic-2005.mtx,ghost_mpi,cusparse,3,38.926979,38.926979,38.926979,0.18345114836679208,0.061150382788930695,32.88205118614522,213302455,213373643,213333152.66666666,1.0001897985982358
arabic-2005.mtx,ghost_mpi,cusparse,4,52.497298,52.497298,52.497298,0.13602983909762364,0.03400745977440591,24.382186603203845,159938796,160052514,159999864.5,1.0003290596536725
com-Orkut.mtx,ghost_mpi,cusparse,1,5.266691,5.266691,5.266691,1.0,1.0,89.00091765398807,234370166,234370166,234370166.0,1.0
com-Orkut.mtx,ghost_mpi,cusparse,2,4.318555,4.318555,4.318555,1.2195493631550367,0.6097746815775184,108.54101244513501,117155704,117214462,117185083.0,1.0002507059708274
com-Orkut.mtx,ghost_mpi,cusparse,3,7.629936,7.629936,7.629936,0.6902667335610678,0.2300889111870226,61.43437271295592,77997708,78204513,78123388.66666667,1.0010384128840015
com-Orkut.mtx,ghost_mpi,cusparse,4,11.582074,11.582074,11.582074,0.4547277974566558,0.11368194936416395,40.47119125641918,58479688,58676016,58592541.5,1.0014246608503916
europe_osm.mtx,ghost_mpi,cusparse,1,2.975638,2.975638,2.975638,1.0,1.0,72.66295160903309,108109320,108109320,108109320.0,1.0
europe_osm.mtx,ghost_mpi,cusparse,2,56.887374,56.887374,56.887374,0.05230752961105218,0.02615376480552609,3.80081949291595,54054365,54054955,54054660.0,1.0000054574388222
europe_osm.mtx,ghost_mpi,cusparse,3,114.139372,114.139372,114.139372,0.02607021528031537,0.008690071760105124,1.8943387913506307,36035574,36038009,36036440.0,1.000043539261925
europe_osm.mtx,ghost_mpi,cusparse,4,116.001063,116.001063,116.001063,0.025651816656197365,0.006412954164049341,1.8639367123730581,27025821,27029134,27027330.0,1.0000667472517633
kmer_V1r.mtx,ghost_mpi,cusparse,1,14.977417,14.977417,14.977417,1.0,1.0,62.14835361798366,465410904,465410904,465410904.0,1.0
kmer_V1r.mtx,ghost_mpi,cusparse,2,189.193286,189.193286,189.193286,0.07916463272380607,0.039582316361903035,4.919951588556901,232701207,232709697,232705452.0,1.0000182419447567
kmer_V1r.mtx,ghost_mpi,cusparse,3,322.820551,322.820551,322.820551,0.04639548799977112,0.015465162666590372,2.8834031944886926,155135388,155137944,155136968.0,1.0000062912148702
kmer_V1r.mtx,ghost_mpi,cusparse,4,393.541589,393.541589,393.541589,0.03805802847434252,0.00951450711858563,2.36524381162673,116349976,116359721,116352726.0,1.000060118918056
mawi_201512020330.mtx,ghost_mpi,cusparse,1,10.13546,10.13546,10.13546,1.0,1.0,94.72641478531807,480047894,480047894,480047894.0,1.0
mawi_201512020330.mtx,ghost_mpi,cusparse,2,36.689446,36.689446,36.689446,0.27625001478626854,0.13812500739313427,26.16817348509433,135045360,345002534,240023947.0,1.437367139038006
mawi_201512020330.mtx,ghost_mpi,cusparse,3,53.554002,53.554002,53.554002,0.18925681781914264,0.06308560593971421,17.927619825685486,89058034,300898506,160015964.66666666,1.8804280349576954
mawi_201512020330.mtx,ghost_mpi,cusparse,4,58.451878,58.451878,58.451878,0.17339836369329314,0.043349590923323286,16.425405322306325,66429326,278573208,120011973.5,2.321211791421795
mycielskian19.mtx,ghost_mpi,cusparse,1,9.461004,9.461004,9.461004,1.0,1.0,190.92999220801514,903194710,903194710,903194710.0,1.0
mycielskian19.mtx,ghost_mpi,cusparse,2,5.789053,5.789053,5.789053,1.6342921717939014,0.8171460858969507,312.03539162622974,451400765,451793945,451597355.0,1.0004353214159105
mycielskian19.mtx,ghost_mpi,cusparse,3,5.081369,5.081369,5.081369,1.861900601983442,0.6206335339944807,355.49266742879723,300802760,301209098,301064903.3333333,1.0004789487750654
mycielskian19.mtx,ghost_mpi,cusparse,4,5.328653,5.328653,5.328653,1.7754963590235657,0.44387408975589143,338.9955059937286,225349942,226331737,225798677.5,1.0023607733486393
nlpkkt240.mtx,ghost_mpi,cusparse,1,8.739996,8.739996,8.739996,1.0,1.0,177.22487561779207,774472352,774472352,774472352.0,1.0
nlpkkt240.mtx,ghost_mpi,cusparse,2,34.620711,34.620711,34.620711,0.2524499280214089,0.12622496401070446,44.74040709331475,387236176,387236176,387236176.0,1.0
nlpkkt240.mtx,ghost_mpi,cusparse,3,72.680345,72.680345,72.680345,0.12025253870217593,0.04008417956739198,21.311741214216855,258155536,258161280,258157450.66666666,1.00001483332487
nlpkkt240.mtx,ghost_mpi,cusparse,4,89.599181,89.599181,89.599181,0.09754548984102879,0.024386372460257197,17.287487304152922,193615216,193620960,193618088.0,1.00001483332487
uk-2005.mtx,ghost_mpi,cusparse,1,10.748208,10.748208,10.748208,1.0,1.0,174.23635307392635,936364282,936364282,936364282.0,1.0
uk-2005.mtx,ghost_mpi,cusparse,2,39.007422,39.007422,39.007422,0.275542639039309,0.1377713195196545,48.00954454257449,468143803,468220479,468182141.0,1.000081886933829
uk-2005.mtx,ghost_mpi,cusparse,3,70.079086,70.079086,70.079086,0.15337254826639718,0.05112418275546573,26.723073471591796,312106524,312144953,312121427.3333333,1.0000753734431747
uk-2005.mtx,ghost_mpi,cusparse,4,91.771863,91.771863,91.771863,0.11711877310369084,0.02927969327592271,20.40634790207975,234058176,234111226,234091070.5,1.0000861011056805
webbase-2001.mtx,ghost_mpi,cusparse,1,14.369892,14.369892,14.369892,1.0,1.0,141.9500146556425,1019903190,1019903190,1019903190.0,1.0
webbase-2001.mtx,ghost_mpi,cusparse,2,100.375852,100.375852,100.375852,0.14316084709298407,0.07158042354649204,20.321684342963284,509857044,510046146,509951595.0,1.0001854117154
webbase-2001.mtx,ghost_mpi,cusparse,3,172.231618,172.231618,172.231618,0.08343353077017485,0.027811176923391617,11.84339091559832,339938692,340013258,339967730.0,1.0001339185928029
webbase-2001.mtx,ghost_mpi,cusparse,4,219.929169,219.929169,219.929169,0.06533872730633561,0.016334681826583902,9.27483329871537,254832292,255033794,254975797.5,1.0002274588434221
Queen_4147.mtx,ghost_nccl,acc,1,3.88337,3.88337,3.88337,1.0,1.0,169.69759976515243,329499284,329499284,329499284.0,1.0
Queen_4147.mtx,ghost_nccl,acc,2,3.147106,3.147106,3.147106,1.2339495396723212,0.6169747698361606,209.39827511370765,164730746,164768538,164749642.0,1.0001146952416442
Queen_4147.mtx,ghost_nccl,acc,3,3.086231,3.086231,3.086231,1.2582888319118044,0.41942961063726814,213.52859458673052,109833094,109833096,109833094.66666667,1.0000000121396317
Queen_4147.mtx,ghost_nccl,acc,4,4.462275,4.462275,4.462275,0.8702668481884241,0.21756671204710604,147.68219529275984,82363466,82388230,82374821.0,1.0001627803233708
arabic-2005.mtx,ghost_nccl,acc,1,7.539671,7.539671,7.539671,1.0,1.0,169.76853711521366,639999458,639999458,639999458.0,1.0
arabic-2005.mtx,ghost_nccl,acc,2,7.298178,7.298178,7.298178,1.033089491651204,0.516544745825602,175.3860917067246,319972873,320026585,319999729.0,1.000083925071074
arabic-2005.mtx,ghost_nccl,acc,3,8.493165,8.493165,8.493165,0.8877339601903413,0.2959113200634471,150.70929576900957,213302455,213373643,213333152.66666666,1.0001897985982358
arabic-2005.mtx,ghost_nccl,acc,4,10.078268,10.078268,10.078268,0.7481117787302343,0.18702794468255857,127.00584227369228,159938796,160052514,159999864.5,1.0003290596536725
com-Orkut.mtx,ghost_nccl,acc,1,6.278669,6.278669,6.278669,1.0,1.0,74.6560030477797,234370166,234370166,234370166.0,1.0
com-Orkut.mtx,ghost_nccl,acc,2,4.580784,4.580784,4.580784,1.3706538007467717,0.6853269003733858,102.32753432600182,117155704,117214462,117185083.0,1.0002507059708274
com-Orkut.mtx,ghost_nccl,acc,3,4.392296,4.392296,4.392296,1.4294731047270037,0.47649103490900124,106.71874846321832,77997708,78204513,78123388.66666667,1.0010384128840015
com-Orkut.mtx,ghost_nccl,acc,4,5.023904,5.023904,5.023904,1.2497589524003643,0.31243973810009107,93.30200815939159,58479688,58676016,58592541.5,1.0014246608503916
europe_osm.mtx,ghost_nccl,acc,1,3.543565,3.543565,3.543565,1.0,1.0,61.01726368783978,108109320,108109320,108109320.0,1.0
europe_osm.mtx,ghost_nccl,acc,2,15.318463,15.318463,15.318463,0.23132640657225206,0.11566320328612603,14.11490434777954,54054365,54054955,54054660.0,1.0000054574388222
europe_osm.mtx,ghost_nccl,acc,3,19.633411,19.633411,19.633411,0.18048646768511087,0.060162155895036956,11.012790390829183,36035574,36038009,36036440.0,1.000043539261925
europe_osm.mtx,ghost_nccl,acc,4,21.776604,21.776604,21.776604,0.16272348985176938,0.040680872462942344,9.928942088490935,27025821,27029134,27027330.0,1.0000667472517633
kmer_V1r.mtx,ghost_nccl,acc,1,14.691003,14.691003,14.691003,1.0,1.0,63.359990328774686,465410904,465410904,465410904.0,1.0
kmer_V1r.mtx,ghost_nccl,acc,2,51.178586,51.178586,51.178586,0.2870537103154823,0.14352685515774116,18.187720309427853,232701207,232709697,232705452.0,1.0000182419447567
kmer_V1r.mtx,ghost_nccl,acc,3,59.550025,59.550025,59.550025,0.24670019869848922,0.08223339956616307,15.630922203643072,155135388,155137944,155136968.0,1.0000062912148702
kmer_V1r.mtx,ghost_nccl,acc,4,62.676913,62.676913,62.676913,0.2343925745034699,0.058598143625867474,14.851111253676452,116349976,116359721,116352726.0,1.000060118918056
mawi_201512020330.mtx,ghost_nccl,acc,1,10.60284,10.60284,10.60284,1.0,1.0,90.5508135556134,480047894,480047894,480047894.0,1.0
mawi_201512020330.mtx,ghost_nccl,acc,2,29.524444,29.524444,29.524444,0.35912073399248434,0.17956036699624217,32.518674627708485,135045360,345002534,240023947.0,1.437367139038006
mawi_201512020330.mtx,ghost_nccl,acc,3,59.345144,59.345144,59.345144,0.17866398639120332,0.05955466213040111,16.1781693208125,89058034,300898506,160015964.66666666,1.8804280349576954
mawi_201512020330.mtx,ghost_nccl,acc,4,90.170271,90.170271,90.170271,0.11758687073259434,0.029396717683148586,10.647586808295165,66429326,278573208,120011973.5,2.321211791421795
mycielskian19.mtx,ghost_nccl,acc,1,14.665951,14.665951,14.665951,1.0,1.0,123.16892508368534,903194710,903194710,903194710.0,1.0
mycielskian19.mtx,ghost_nccl,acc,2,8.177125,8.177125,8.177125,1.79353391320299,0.896766956601495,220.90764419034807,451400765,451793945,451597355.0,1.0004353214159105
mycielskian19.mtx,ghost_nccl,acc,3,7.514228,7.514228,7.514228,1.9517575192022387,0.6505858397340796,240.39587566414008,300802760,301209098,301064903.3333333,1.0004789487750654
mycielskian19.mtx,ghost_nccl,acc,4,5.141999,5.141999,5.141999,2.8521886138056423,0.7130471534514106,351.3010056983675,225349942,226331737,225798677.5,1.0023607733486393
nlpkkt240.mtx,ghost_nccl,acc,1,8.67042,8.67042,8.67042,1.0,1.0,178.64702102089632,774472352,774472352,774472352.0,1.0
nlpkkt240.mtx,ghost_nccl,acc,2,8.499192,8.499192,8.499192,1.0201463856799564,0.5100731928399782,182.24611280695856,387236176,387236176,387236176.0,1.0
nlpkkt240.mtx,ghost_nccl,acc,3,9.386604,9.386604,9.386604,0.9237014792570348,0.3079004930856783,165.01651758186452,258155536,258161280,258157450.66666666,1.00001483332487
nlpkkt240.mtx,ghost_nccl,acc,4,10.034313,10.034313,10.034313,0.8640770922732828,0.2160192730683207,154.3647984670201,193615216,193620960,193618088.0,1.00001483332487
uk-2005.mtx,ghost_nccl,acc,1,11.065722,11.065722,11.065722,1.0,1.0,169.23690690946333,936364282,936364282,936364282.0,1.0
uk-2005.mtx,ghost_nccl,acc,2,14.243099,14.243099,14.243099,0.7769181411994678,0.3884590705997339,131.4832231384476,468143803,468220479,468182141.0,1.000081886933829
uk-2005.mtx,ghost_nccl,acc,3,12.425628,12.425628,12.425628,0.890556356588174,0.29685211886272467,150.7150032175436,312106524,312144953,312121427.3333333,1.0000753734431747
uk-2005.mtx,ghost_nccl,acc,4,15.162257,15.162257,15.162257,0.7298202371850048,0.1824550592962512,123.5125195411211,234058176,234111226,234091070.5,1.0000861011056805
webbase-2001.mtx,ghost_nccl,acc,1,14.192347,14.192347,14.192347,1.0,1.0,143.72579672692615,1019903190,1019903190,1019903190.0,1.0
webbase-2001.mtx,ghost_nccl,acc,2,30.77944,30.77944,30.77944,0.46109828508900746,0.23054914254450373,66.27171839383692,509857044,510046146,509951595.0,1.0001854117154
webbase-2001.mtx,ghost_nccl,acc,3,35.02542,35.02542,35.02542,0.4052013366292253,0.13506711220974177,58.237884941850815,339938692,340013258,339967730.0,1.0001339185928029
webbase-2001.mtx,ghost_nccl,acc,4,36.080749,36.080749,36.080749,0.39334956710571617,0.09833739177642904,56.534479924460555,254832292,255033794,254975797.5,1.0002274588434221
Queen_4147.mtx,ghost_nccl,cusparse,1,3.363225,3.363225,3.363225,1.0,1.0,195.9424564220354,329499284,329499284,329499284.0,1.0
Queen_4147.mtx,ghost_nccl,cusparse,2,3.369827,3.369827,3.369827,0.9980408489812682,0.4990204244906341,195.55857555892337,164730746,164768538,164749642.0,1.0001146952416442
Queen_4147.mtx,ghost_nccl,cusparse,3,3.154841,3.154841,3.154841,1.0660521401870966,0.35535071339569885,208.88487502222776,109833094,109833096,109833094.66666667,1.0000000121396317
Queen_4147.mtx,ghost_nccl,cusparse,4,4.453268,4.453268,4.453268,0.7552262742776766,0.18880656856941916,147.98089133642978,82363466,82388230,82374821.0,1.0001627803233708
arabic-2005.mtx,ghost_nccl,cusparse,1,7.148352,7.148352,7.148352,1.0,1.0,179.06209934821342,639999458,639999458,639999458.0,1.0
arabic-2005.mtx,ghost_nccl,cusparse,2,6.89302,6.89302,6.89302,1.0370421092641542,0.5185210546320771,185.6949371973388,319972873,320026585,319999729.0,1.000083925071074
arabic-2005.mtx,ghost_nccl,cusparse,3,8.262029,8.262029,8.262029,0.8652053871996819,0.2884017957332273,154.92549299935885,213302455,213373643,213333152.66666666,1.0001897985982358
arabic-2005.mtx,ghost_nccl,cusparse,4,9.911585,9.911585,9.911585,0.7212117940773347,0.18030294851933368,129.14169792217893,159938796,160052514,159999864.5,1.0003290596536725
com-Orkut.mtx,ghost_nccl,cusparse,1,5.48951,5.48951,5.48951,1.0,1.0,85.38837382571487,234370166,234370166,234370166.0,1.0
com-Orkut.mtx,ghost_nccl,cusparse,2,4.953619,4.953619,4.953619,1.1081817152267868,0.5540908576133934,94.62583456660677,117155704,117214462,117185083.0,1.0002507059708274
com-Orkut.mtx,ghost_nccl,cusparse,3,4.479894,4.479894,4.479894,1.2253660466073528,0.4084553488691176,104.63201406104699,77997708,78204513,78123388.66666667,1.0010384128840015
com-Orkut.mtx,ghost_nccl,cusparse,4,5.408363,5.408363,5.408363,1.015003985494317,0.25375099637357923,86.6695397479792,58479688,58676016,58592541.5,1.0014246608503916
europe_osm.mtx,ghost_nccl,cusparse,1,2.889996,2.889996,2.889996,1.0,1.0,74.81624196019649,108109320,108109320,108109320.0,1.0
europe_osm.mtx,ghost_nccl,cusparse,2,15.498737,15.498737,15.498737,0.18646654885491637,0.09323327442745818,13.950726436612223,54054365,54054955,54054660.0,1.0000054574388222
europe_osm.mtx,ghost_nccl,cusparse,3,20.191227,20.191227,20.191227,0.14313127181423893,0.047710423938079644,10.708543864124751,36035574,36038009,36036440.0,1.000043539261925
europe_osm.mtx,ghost_nccl,cusparse,4,21.643557,21.643557,21.643557,0.13352685050798258,0.033381712626995644,9.98997715578821,27025821,27029134,27027330.0,1.0000667472517633
kmer_V1r.mtx,ghost_nccl,cusparse,1,14.977903,14.977903,14.977903,1.0,1.0,62.14633704063914,465410904,465410904,465410904.0,1.0
kmer_V1r.mtx,ghost_nccl,cusparse,2,51.981533,51.981533,51.981533,0.2881389242598905,0.14406946212994526,17.906778701582347,232701207,232709697,232705452.0,1.0000182419447567
kmer_V1r.mtx,ghost_nccl,cusparse,3,60.420087,60.420087,60.420087,0.24789608462496915,0.08263202820832305,15.405833626158135,155135388,155137944,155136968.0,1.0000062912148702
kmer_V1r.mtx,ghost_nccl,cusparse,4,61.566472,61.566472,61.566472,0.2432801899059605,0.06082004747649013,15.118972677206516,116349976,116359721,116352726.0,1.000060118918056
mawi_201512020330.mtx,ghost_nccl,cusparse,1,10.132083,10.132083,10.132083,1.0,1.0,94.75798688186822,480047894,480047894,480047894.0,1.0
mawi_201512020330.mtx,ghost_nccl,cusparse,2,29.284812,29.284812,29.284812,0.34598422554326114,0.17299211277163057,32.78476870536167,135045360,345002534,240023947.0,1.437367139038006
mawi_201512020330.mtx,ghost_nccl,cusparse,3,58.997197,58.997197,58.997197,0.17173837936741299,0.057246126455804326,16.27358309921063,89058034,300898506,160015964.66666666,1.8804280349576954
mawi_201512020330.mtx,ghost_nccl,cusparse,4,91.194197,91.194197,91.194197,0.11110447082504603,0.027776117706261507,10.52803598895662,66429326,278573208,120011973.5,2.321211791421795
mycielskian19.mtx,ghost_nccl,cusparse,1,9.541074,9.541074,9.541074,1.0,1.0,189.32768155870085,903194710,903194710,903194710.0,1.0
mycielskian19.mtx,ghost_nccl,cusparse,2,6.366176,6.366176,6.366176,1.4987135134184162,0.7493567567092081,283.7479548162036,451400765,451793945,451597355.0,1.0004353214159105
mycielskian19.mtx,ghost_nccl,cusparse,3,5.21624,5.21624,5.21624,1.8291094734904836,0.6097031578301612,346.3010559330092,300802760,301209098,301064903.3333333,1.0004789487750654
mycielskian19.mtx,ghost_nccl,cusparse,4,4.208079,4.208079,4.208079,2.2673229281104277,0.5668307320276069,429.26699332403217,225349942,226331737,225798677.5,1.0023607733486393
nlpkkt240.mtx,ghost_nccl,cusparse,1,8.73302,8.73302,8.73302,1.0,1.0,177.3664441395989,774472352,774472352,774472352.0,1.0
nlpkkt240.mtx,ghost_nccl,cusparse,2,9.304313,9.304313,9.304313,0.938599120644372,0.469299560322186,166.47598850124666,387236176,387236176,387236176.0,1.0
nlpkkt240.mtx,ghost_nccl,cusparse,3,9.382439,9.382439,9.382439,0.93078356278149,0.31026118759383,165.08977079414,258155536,258161280,258157450.66666666,1.00001483332487
nlpkkt240.mtx,ghost_nccl,cusparse,4,9.782561,9.782561,9.782561,0.8927130635832479,0.22317826589581197,158.33734172472833,193615216,193620960,193618088.0,1.00001483332487
uk-2005.mtx,ghost_nccl,cusparse,1,10.751952,10.751952,10.751952,1.0,1.0,174.17568121583878,936364282,936364282,936364282.0,1.0
uk-2005.mtx,ghost_nccl,cusparse,2,14.052381,14.052381,14.052381,0.7651338232289602,0.3825669116144801,133.2677048821833,468143803,468220479,468182141.0,1.000081886933829
uk-2005.mtx,ghost_nccl,cusparse,3,12.364463,12.364463,12.364463,0.869585035759337,0.2898616785864457,151.46056597848204,312106524,312144953,312121427.3333333,1.0000753734431747
uk-2005.mtx,ghost_nccl,cusparse,4,15.01921,15.01921,15.01921,0.7158799963513394,0.17896999908783484,124.6888860332867,234058176,234111226,234091070.5,1.0000861011056805
webbase-2001.mtx,ghost_nccl,cusparse,1,14.367321,14.367321,14.367321,1.0,1.0,141.97541629368482,1019903190,1019903190,1019903190.0,1.0
webbase-2001.mtx,ghost_nccl,cusparse,2,31.627244,31.627244,31.627244,0.45427040686820513,0.22713520343410257,64.49523012501501,509857044,510046146,509951595.0,1.0001854117154
webbase-2001.mtx,ghost_nccl,cusparse,3,35.317495,35.317495,35.317495,0.4068046445536412,0.13560154818454706,57.75625876070768,339938692,340013258,339967730.0,1.0001339185928029
webbase-2001.mtx,ghost_nccl,cusparse,4,35.648752,35.648752,35.648752,0.40302451541641626,0.10075612885410407,57.2195733528063,254832292,255033794,254975797.5,1.0002274588434221
