family,matrix,P,nnz_min,nnz_avg,nnz_max,nnz_stdev,max_over_avg,max_over_min
1d_cyclic,ASIC_680k.mtx,1,3871773,3871773,3871773,0.0,1.0,1.0
1d_cyclic,ASIC_680k.mtx,2,1551156,1935886.5,2320617,544091.090958582,1.1987360829263491,1.4960564894826827
1d_cyclic,ASIC_680k.mtx,3,1033589,1290591,1803621,444297.27980711294,1.3975155568262911,1.7450079286834514
1d_cyclic,ASIC_680k.mtx,4,775125,967943.25,1545492,385032.56121300964,1.5966762514227977,1.9938616352201257
1d_cyclic,amazon0302.mtx,1,1234877,1234877,1234877,0.0,1.0,1.0
1d_cyclic,amazon0302.mtx,2,617169,617438.5,617708,381.1305550595491,1.0004364807183226,1.0008733426338652
1d_cyclic,amazon0302.mtx,3,411242,411625.6666666667,411930,350.7938615958571,1.0007393448902198,1.0016729808725762
1d_cyclic,amazon0302.mtx,4,308442,308719.25,309048,250.67558716396778,1.0010648833851468,1.0019647129768319
1d_cyclic,cage13.mtx,1,7479343,7479343,7479343,0.0,1.0,1.0
1d_cyclic,cage13.mtx,2,3739503,3739671.5,3739840,238.2949852598665,1.0000450574335205,1.0000901189275688
1d_cyclic,cage13.mtx,3,2492811,2493114.3333333335,2493515,361.95211469658983,1.0001607093029428,1.000282412104247
1d_cyclic,cage13.mtx,4,1864705,1869835.75,1874798,4366.009190324729,1.0026538427238862,1.0054126524034632
1d_cyclic,cit-Patents.mtx,1,16518948,16518948,16518948,0.0,1.0,1.0
1d_cyclic,cit-Patents.mtx,2,8257239,8259474,8261709,3160.7673119038673,1.0002705983456088,1.000541343177786
1d_cyclic,cit-Patents.mtx,3,5499536,5506316,5511600,6169.565300732297,1.000959625273958,1.0021936396088689
1d_cyclic,cit-Patents.mtx,4,4126579,4129737,4132446,2475.765874768183,1.0006559739760668,1.0014217587982686
1d_cyclic,crankseg_2.mtx,1,14148858,14148858,14148858,0.0,1.0,1.0
1d_cyclic,crankseg_2.mtx,2,7072781,7074429,7076077,2330.623950790861,1.000232951662954,1.0004660118841513
1d_cyclic,crankseg_2.mtx,3,4715471,4716286,4717914,1409.889711998779,1.0003451868694986,1.0005180818628723
1d_cyclic,crankseg_2.mtx,4,3535544,3537214.5,3538602,1262.8133934460257,1.0003922578062483,1.0008649305453419
1d_cyclic,parabolic_fem.mtx,1,3674625,3674625,3674625,0.0,1.0,1.0
1d_cyclic,parabolic_fem.mtx,2,1837311,1837312.5,1837314,2.1213203435596424,1.0000008164098377,1.0000016328210086
1d_cyclic,parabolic_fem.mtx,3,1224817,1224875,1224923,53.70288632839021,1.0000391876722114,1.0000865435407902
1d_cyclic,parabolic_fem.mtx,4,918641,918656.25,918670,11.98262631201246,1.0000149675136918,1.0000315683711047
1d_cyclic,poisson3Da.mtx,1,352762,352762,352762,0.0,1.0,1.0
1d_cyclic,poisson3Da.mtx,2,176364,176381,176398,24.041630560342615,1.0000963822633957,1.0001927831076638
1d_cyclic,poisson3Da.mtx,3,117246,117587.33333333333,118179,514.4145539672583,1.005031721103747,1.0079576275523259
1d_cyclic,poisson3Da.mtx,4,88081,88190.5,88317,105.41821474489122,1.0014343948611244,1.0026793519601276
1d_cyclic,roadNet-CA.mtx,1,5533214,5533214,5533214,0.0,1.0,1.0
1d_cyclic,roadNet-CA.mtx,2,2766517,2766607,2766697,127.27922061357856,1.0000325308220503,1.000065063760678
1d_cyclic,roadNet-CA.mtx,3,1843883,1844404.6666666667,1845127,645.8206665424492,1.0003916349521271,1.0006746631971768
1d_cyclic,roadNet-CA.mtx,4,1383100,1383303.5,1383504,188.5956874727875,1.0001449428849127,1.0002920974622225
1d_cyclic,thermal2.mtx,1,8580313,8580313,8580313,0.0,1.0,1.0
1d_cyclic,thermal2.mtx,2,4290060,4290156.5,4290253,136.47160876900367,1.0000224933519326,1.0000449877157895
1d_cyclic,thermal2.mtx,3,2859515,2860104.3333333335,2860546,531.1255344392071,1.000154423271039,1.0003605506528206
1d_cyclic,thermal2.mtx,4,2144684,2145078.25,2145380,354.62127685743843,1.0001406708589768,1.0003245233330411
1d_cyclic,weak_P1.mtx,1,1500000,1500000,1500000,0.0,1.0,1.0
1d_cyclic,weak_P2.mtx,2,1500000,1500000,1500000,0.0,1.0,1.0
1d_cyclic,weak_P3.mtx,3,1500000,1500000,1500000,0.0,1.0,1.0
1d_cyclic,weak_P4.mtx,4,1500000,1500000,1500000,0.0,1.0,1.0
1d_cyclic,weak_sparse_P1.mtx,1,1500000,1500000,1500000,0.0,1.0,1.0
1d_cyclic,weak_sparse_P2.mtx,2,1500000,1500000,1500000,0.0,1.0,1.0
1d_cyclic,weak_sparse_P3.mtx,3,1500000,1500000,1500000,0.0,1.0,1.0
1d_cyclic,weak_sparse_P4.mtx,4,1500000,1500000,1500000,0.0,1.0,1.0
1d_cyclic,webbase-1M.mtx,1,3105536,3105536,3105536,0.0,1.0,1.0
1d_cyclic,webbase-1M.mtx,2,1540872,1552768,1564664,16823.484537990338,1.0076611573654275,1.0154406076559246
1d_cyclic,webbase-1M.mtx,3,1030720,1035178.6666666666,1043783,7453.214496667417,1.0083119306940895,1.012673665010866
1d_cyclic,webbase-1M.mtx,4,764903,776384,782683,8225.760268814063,1.0081132532355124,1.0232447774423685
2d_checkerboard,ASIC_680k.mtx,1,3871773,3871773,3871773,0.0,1.0,1.0
2d_checkerboard,ASIC_680k.mtx,2,1551156,1935886.5,2320617,544091.090958582,1.1987360829263491,1.4960564894826827
2d_checkerboard,ASIC_680k.mtx,4,739442,967943.25,1508903,362245.51043123135,1.558875481594608,2.0405968284192677
2d_checkerboard,amazon0302.mtx,1,1234877,1234877,1234877,0.0,1.0,1.0
2d_checkerboard,amazon0302.mtx,2,614528,617438.5,620349,4116.068573286893,1.0047138297984333,1.009472310456155
2d_checkerboard,amazon0302.mtx,4,289092,308719.25,328077,20895.87830769504,1.0627034109470013,1.1348532647046614
2d_checkerboard,cage13.mtx,1,7479343,7479343,7479343,0.0,1.0,1.0
2d_checkerboard,cage13.mtx,2,3739503,3739671.5,3739840,238.2949852598665,1.0000450574335205,1.0000901189275688
2d_checkerboard,cage13.mtx,4,895345,1869835.75,2844495,1125245.0020812876,1.5212539390157664,3.1769820571958296
2d_checkerboard,cit-Patents.mtx,1,16518948,16518948,16518948,0.0,1.0,1.0
2d_checkerboard,cit-Patents.mtx,2,8256456,8259474,8262492,4268.096531242001,1.000365398571386,1.0007310642726128
2d_checkerboard,cit-Patents.mtx,4,4126232,4129737,4131485,2393.7834767023796,1.0004232715061516,1.0012730743205909
2d_checkerboard,crankseg_2.mtx,1,14148858,14148858,14148858,0.0,1.0,1.0
2d_checkerboard,crankseg_2.mtx,2,7072781,7074429,7076077,2330.623950790861,1.000232951662954,1.0004660118841513
2d_checkerboard,crankseg_2.mtx,4,3536284,3537214.5,3539793,1721.9300218069259,1.0007289634258822,1.0009922845563308
2d_checkerboard,parabolic_fem.mtx,1,3674625,3674625,3674625,0.0,1.0,1.0
2d_checkerboard,parabolic_fem.mtx,2,1837311,1837312.5,1837314,2.1213203435596424,1.0000008164098377,1.0000016328210086
2d_checkerboard,parabolic_fem.mtx,4,830387,918656.25,1006927,101924.55050469114,1.096086811579413,1.212599667384003
2d_checkerboard,poisson3Da.mtx,1,352762,352762,352762,0.0,1.0,1.0
2d_checkerboard,poisson3Da.mtx,2,176364,176381,176398,24.041630560342615,1.0000963822633957,1.0001927831076638
2d_checkerboard,poisson3Da.mtx,4,85257,88190.5,91141,3387.342468661827,1.033455984488125,1.069014860949834
2d_checkerboard,roadNet-CA.mtx,1,5533214,5533214,5533214,0.0,1.0,1.0
2d_checkerboard,roadNet-CA.mtx,2,2766517,2766607,2766697,127.27922061357856,1.0000325308220503,1.000065063760678
2d_checkerboard,roadNet-CA.mtx,4,1071148,1383303.5,1695369,360342.2083524678,1.2255943833005556,1.5827588717898926
2d_checkerboard,thermal2.mtx,1,8580313,8580313,8580313,0.0,1.0,1.0
2d_checkerboard,thermal2.mtx,2,4290060,4290156.5,4290253,136.47160876900367,1.0000224933519326,1.0000449877157895
2d_checkerboard,thermal2.mtx,4,1926145,2145078.25,2364108,252802.35392281588,1.102108046641189,1.2273780011369861
2d_checkerboard,weak_P1.mtx,1,1500000,1500000,1500000,0.0,1.0,1.0
2d_checkerboard,weak_P2.mtx,2,1499711,1500000,1500289,408.7077195258245,1.0001926666666667,1.0003854075885288
2d_checkerboard,weak_P4.mtx,4,1499745,1500000,1500255,239.91804156141876,1.00017,1.0003400578098276
2d_checkerboard,weak_sparse_P1.mtx,1,1500000,1500000,1500000,0.0,1.0,1.0
2d_checkerboard,weak_sparse_P2.mtx,2,1498254,1500000,1501746,2469.216879903424,1.001164,1.0023307129498737
2d_checkerboard,weak_sparse_P4.mtx,4,1499241,1500000,1500759,660.5457339705304,1.000506,1.0010125123312397
2d_checkerboard,webbase-1M.mtx,1,3105536,3105536,3105536,0.0,1.0,1.0
2d_checkerboard,webbase-1M.mtx,2,1527317,1552768,1578219,35993.14937595764,1.0163907293298162,1.0333277243689425
2d_checkerboard,webbase-1M.mtx,4,514175,776384,1026697,281677.9646203563,1.322408756491633,1.9967851412456847
