matrix,P,n_runs,serial_mean_ms,chunked_mean_ms,speedup_chunked_over_serial,serial_read_ms,serial_distribute_ms,chunked_io_ms,chunked_parse_ms,chunked_redistribute_ms,check
ASIC_680k.mtx,1,1,1451.1667,736.6326,1.970000648898786,1162.9212,288.2448,35.1824,384.6183,316.705,OK!
ASIC_680k.mtx,2,1,1485.5922,419.2302,3.543619233538042,1170.5225,1484.9089,19.6446,195.9289,210.6587,OK!
ASIC_680k.mtx,4,1,2597.7925,405.8582,6.400739223699311,2205.503,2597.097,15.7133,216.6374,174.8139,OK!
Queen_4147.mtx,1,1,75666.7046,50122.3863,1.509638909590384,47241.8697,28424.8333,1430.3361,16798.0471,31873.5425,OK!
Queen_4147.mtx,2,1,76407.1905,25445.5095,3.002776992930717,47410.2534,76402.5951,801.3628,8501.4308,16343.0079,OK!
Queen_4147.mtx,3,1,127811.4393,26755.2241,4.7770648013372465,90832.8229,127805.439,802.1033,11009.5188,17272.9131,OK!
Queen_4147.mtx,4,1,128777.5073,20474.8385,6.289549355908228,91170.6565,128771.6928,740.419,8396.1798,11747.7803,OK!
amazon0302.mtx,1,1,213.6029,172.027,1.2416824103193105,104.0193,109.5828,6.2486,43.5147,122.1749,OK!
amazon0302.mtx,2,1,215.8381,87.6647,2.4620867920611147,105.7636,215.2114,4.1324,23.8976,61.6531,OK!
amazon0302.mtx,4,1,389.2563,66.7008,5.835856541450777,249.9976,388.4605,3.531,25.1285,39.7872,OK!
arabic-2005.mtx,1,1,116949.4813,100040.763,1.1690182860760467,61130.9678,55818.5129,3557.8518,25664.0271,70776.828,OK!
arabic-2005.mtx,2,1,117171.8435,59726.4884,1.9618070078936702,61130.7109,117162.8698,1931.8075,13096.3781,45114.0729,OK!
arabic-2005.mtx,3,1,219968.7072,58111.0608,3.785315638223558,145312.9653,219957.292,1979.9861,19369.9004,48431.3752,OK!
arabic-2005.mtx,4,1,220347.6867,42379.2864,5.199419466864832,146240.3072,220335.7961,1530.3174,14686.386,26979.3292,OK!
cage13.mtx,1,1,3033.2844,1585.5238,1.9131118687716957,2355.1519,678.1316,68.1598,789.9693,727.1251,OK!
cage13.mtx,2,1,2933.347,798.7611,3.672370875346834,2244.5332,2932.8427,43.6535,395.1683,366.3725,OK!
cage13.mtx,4,1,5186.4701,702.6714,7.381074710028044,4323.3404,5184.4856,35.0183,425.3537,255.7764,OK!
cit-Patents.mtx,1,1,3366.8439,2696.4907,1.2486020812161525,1511.461,1855.3823,85.0971,612.2265,1996.8298,OK!
cit-Patents.mtx,2,1,3359.5128,1312.721,2.559197879823664,1512.8125,3358.5595,46.0252,300.7384,974.6908,OK!
cit-Patents.mtx,4,1,5598.0143,1039.1526,5.38709550454861,3319.0228,5595.6342,37.9651,362.7373,656.4665,OK!
com-Orkut.mtx,1,1,36078.3454,33045.5707,1.0917755280286323,10796.8885,25281.4529,576.4403,4932.3361,27521.4674,OK!
com-Orkut.mtx,2,1,36309.8616,16703.8663,2.173739956239951,10807.1162,36306.4209,301.2914,2538.9237,13920.5361,OK!
com-Orkut.mtx,3,1,57902.8588,16764.0602,3.453987763656444,25870.0988,57898.4614,321.2186,3901.8075,12785.4407,OK!
com-Orkut.mtx,4,1,57465.9176,12384.8181,4.640029198329525,25855.9847,57461.5854,257.9905,2826.9139,9479.7856,OK!
crankseg_2.mtx,1,1,3222.6568,2201.9564,1.4635425115592662,2012.7564,1209.8996,49.3389,812.8315,1337.9713,OK!
crankseg_2.mtx,2,1,3219.9991,1076.7314,2.9905314361594733,2016.4843,3219.4513,28.8453,401.7753,649.5971,OK!
crankseg_2.mtx,4,1,5361.0784,889.7069,6.025668003698747,3800.1814,5358.9418,21.2761,414.1937,476.6075,OK!
europe_osm.mtx,1,1,12887.6728,11320.5148,1.1384352238115532,5297.7227,7589.9493,314.8931,2483.8651,8514.7224,OK!
europe_osm.mtx,2,1,13209.9986,6145.8315,2.1494241422011,5319.056,13207.8028,166.5551,1264.5695,4758.5747,OK!
europe_osm.mtx,3,1,22833.3544,6504.4352,3.5104284534958548,12594.6781,22830.7609,162.6235,1919.5984,4418.237,OK!
europe_osm.mtx,4,1,22426.7487,4544.0198,4.9354425568304086,12786.1374,22424.1556,138.7765,1401.517,3030.5962,OK!
kmer_V1r.mtx,1,1,67696.2737,60294.3927,1.1227623443663943,24442.9053,43253.3631,1359.994,11733.511,47172.3751,OK!
kmer_V1r.mtx,2,1,70326.2129,32094.2881,2.191237664498936,24167.8481,70318.0739,727.1158,6075.3623,25289.1002,OK!
kmer_V1r.mtx,3,1,116837.1634,32481.2384,3.5970661574282836,56801.1161,116827.0136,795.6207,8576.2289,23455.0951,OK!
kmer_V1r.mtx,4,1,116541.8656,24441.1418,4.768266006295991,57269.0992,116531.5708,610.9826,6307.5476,17678.1405,OK!
mawi_201512020330.mtx,1,1,86110.293,60164.5269,1.4312469063892865,48841.0262,37269.2626,1767.314,17016.9183,41350.6174,OK!
mawi_201512020330.mtx,2,1,89123.1505,39343.8709,2.265235943014443,49733.7813,89114.9961,878.6062,9422.7283,30124.8139,OK!
mawi_201512020330.mtx,3,1,159524.974,40523.6866,3.936585917629715,103491.5312,159514.5147,945.2176,13665.2254,34077.9531,OK!
mawi_201512020330.mtx,4,1,157477.5597,44306.8576,3.5542479929788566,103253.2013,157467.1759,742.9497,10114.3091,33478.0975,OK!
nlpkkt240.mtx,1,1,185249.9978,138737.0001,1.3352602237793378,113120.0468,72129.95,2382.1283,30471.7768,105636.1938,OK!
nlpkkt240.mtx,2,1,184647.4453,75895.5166,2.4329163773028455,114998.2294,184636.6774,1323.19,15424.7165,59443.8838,OK!
nlpkkt240.mtx,3,1,286372.3532,70039.671,4.088716424724496,196502.651,286358.5083,1366.1948,22268.3896,50306.2592,OK!
nlpkkt240.mtx,4,1,284899.2511,70058.1485,4.066611196554816,195385.2566,284885.3817,1109.6078,17391.4324,52405.138,OK!
parabolic_fem.mtx,1,1,983.9598,577.1233,1.704938615370407,709.2964,274.6629,22.2235,253.8326,300.9364,OK!
parabolic_fem.mtx,2,1,985.5481,284.2777,3.4668498443599343,709.2522,984.8069,12.7079,125.3193,147.9796,OK!
parabolic_fem.mtx,4,1,1699.1286,253.4944,6.7028249933726345,1331.1737,1697.4591,10.8332,138.7544,106.6694,OK!
poisson3Da.mtx,1,1,153.8522,84.1755,1.8277551068897722,123.7095,30.1424,3.6405,48.2506,32.2798,OK!
poisson3Da.mtx,2,1,157.3027,44.3199,3.54925665445996,124.4669,157.0584,3.3549,24.8783,17.2811,OK!
poisson3Da.mtx,4,1,261.2655,37.6386,6.941424495066235,220.1236,260.8158,2.7759,23.2558,12.5706,OK!
roadNet-CA.mtx,1,1,604.2946,523.2686,1.1548459051431712,252.2428,352.0511,14.5339,115.1337,393.2272,OK!
roadNet-CA.mtx,2,1,599.1956,257.0566,2.330987027759645,252.7239,598.1793,9.0169,57.2001,190.853,OK!
roadNet-CA.mtx,4,1,1040.4213,202.681,5.133294684750914,597.1781,1038.4297,6.3293,66.806,135.1286,OK!
thermal2.mtx,1,1,2441.8238,1553.1058,1.5722198706617412,1737.9895,703.8328,51.0121,712.9053,787.6336,OK!
thermal2.mtx,2,1,2406.8769,748.3796,3.2161177295586363,1737.984,2406.2881,26.6965,354.2052,372.0014,OK!
thermal2.mtx,4,1,3988.0256,612.1195,6.515109549687602,3131.8464,3986.4344,22.8694,338.0258,261.4953,OK!
webbase-1M.mtx,1,1,984.2074,529.143,1.8600026835845886,772.8222,211.3847,20.7861,273.0091,235.2867,OK!
webbase-1M.mtx,2,1,992.6027,264.6924,3.7500234234152545,772.3188,992.2434,12.4583,136.0576,118.89,OK!
webbase-1M.mtx,4,1,1835.8792,250.3945,7.331946987653484,1540.3755,1835.401,10.3593,158.0009,86.865,OK!
